ja,21
|,11
huvitavad,11
maitsele!,11
"Pildid,",11
-,11
"videod,",11
igale,11
anekdoodid,11
artiklid,11
meelelahutust,11
et,5
on,5
see,3
kui,3
ka,2
kokku,2
ning,2
aga,2
"n√§itab,",2
ei,2
oma,2
hoopis,2
v√§lja,2
aasta,2
inimesed,2
√§√§rest,1
multitalent,1
P√§rnu-Rakvere,1
teeb,1
salap√§rane,1
inimesi,1
Anne,1
teisaldatakse,1
tuntuim,1
otsustanud,1
k√§tte,1
Austraalia,1
katsumus,1
Et,1
uudistelehek√ºlg,1
astus,1
kiirused,1
turvaliselt,1
"seitsmeste""",1
Teataja,1
piirikaubandusest,1
Pedaja,1
kodanikualgatuse,1
soosivat,1
Baltimaades,1
tuli!,1
ulatub,1
paludes,1
teedel,1
kasutatakse,1
pead,1
pr√ºgi,1
veel,1
v√µib,1
Toomas,1
me,1
stiilis,1
koomik,1
"""Suviste",1
√ºlihumoorikas,1
"l√§hiajal.

Foto:",1
miljonit,1
saaks,1
ongi,1
inimene,1
perenaiseks.,1
vaid,1
nimel,1
On,1
juba,1
tulenev,1
2017.,1
positiivselt,1
Urmas,1
√ºhelt,1
tema,1
rannast,1
Toiduliidu,1
selgena,1
√Ñrni,1
miljoni,1
jooksul,1
Lauri,1
saates,1
suvepuhkuselt,1
naist,1
ohtlikuks,1
sellega,1
seas,1
ilmselgelt,1
"v√§idetakse,",1
maaletoojate,1
suur,1
k√ºlmkapp,1
p√§ev,1
parodeerib,1
Venemaaga.,1
tegemist,1
parodeeritav,1
t√§na,1
"mahapanekusse,",1
"hoolivad,",1
oleks,1
omal,1
rahustada.,1
Lust,1
allpool!,1
valmis,1
t√§iesti,1
korras,1
avaldas,1
endal,1
aastal,1
julgusta,1
Correspondent,1
olnud,1
Ehedust,1
j√§√§v,1
kiiruskaamerateks,1
oleksid,1
maantee.Toiduliit,1
s√ºdametunnistusele,1
kes,1
Eesti,1
huvi,1
Tegemist,1
tore,1
k√ºlmkapist,1
lehel,1
P√§eva,1
"Veski,",1
Toomina.,1
Naine,1
teistel,1
paroodin√§itleja,1
De,1
V√µrumaale,1
ehk,1
maksutulu,1
loodusfilmi,1
leidub!,1
selle,1
√ºhe,1
t√§henda,1
kus,1
"sellese,",1
kuna,1
n√º√ºd,1
meeled,1
vastukaja,1
koju,1
pannud,1
Selveris‚Ä¶,1
Rullnokkade,1
kelle,1
politsei,1
pea,1
v√µtnud,1
21.,1
Pille,1
alkoholitootjate-,1
"loo,",1
poolt,1
fotosid,1
kuulsused,1
paaritumiskommetest.,1
tee√§√§rtesse,1
kuidas,1
teiste,1
siis,1
tooma,1
iga,1
siiski,1
tagasi,1
anda,1
"P√ºrg,",1
filmile,1
korda.,1
"Tundub,",1
nii,1
euroni,1
t√§nases,1
liiklusohutusse,1
Yana,1
paigaldatud,1
vastupidise,1
Facebooki,1
Poola,1
2018.,1
"kiiruskaameraga,",1
romantikuid,1
osutuda,1
pealelugemine.,1
postitatud,1
talle,1
"Vaata,",1
"p√§he

Autor:",1
toimub,1
meisterdatud,1
esimese,1
tulemuse,1
huvitava,1
TV3,1
sajandi,1
pidev,1
Ajakirjanik,1
suhtub,1
lapss√µdureid,1
koputamisega,1
k√ºll,1
liiklejatele.,1
samuti,1
s√µjaks,1
V√µimalik,1
hinnangul,1
kodukandi,1
f√§nni.,1
turvalisem,1
video,1
s√ºndis,1
Silekael,1
fotosid.,1
√§√§rde,1
m√º√ºakse,1
peaaegu,1
liiklust,1
paroodiameistril,1
suhtumist,1
kolme,1
maasikaid,1
"piirides,",1
Koost√∂√∂s,1
kaks,1
autojuhtide,1
millised,1
Nemvalts,1
inimesed.,1
150-170,1
jagas,1
sotsiaalmeediasse,1
kuulsuste,1
"panustatakse,",1
"t√∂√∂d,",1
l√§ks,1
"l√§henemiskatse,",1
maantee,1
√ºle,1
Koomikul,1
kombel,1
pole,1
n√§eksid,1
"v√§rvima,",1
hoidkem,1
j√µuaks.,1
Celeste,1
m√º√ºgitulemu...,1
tee,1
T√ºri-Allikul,1
K√§rna,1
Hollandi,1
uus,1
tegi,1
Vabakutseline,1
seni,1
endale,1
Keegi,1
kuu,1
saamata,1
karikatuur:,1
"üòä.
Ka",1
kodaniku,1
vahvat,1
valmistumine,1
lustakaid,1
Seega,1
tavalised,1
"austajalt,",1
J√§rva,1
Just,1
k√ºlmkappe,1
kogus,1
"""kiiruskaamera"".",1
neljarealise,1
Tallinn-Tartu,1
Katrin,1
Vaata,1
Lasmanni,1
Vello42-ga.,1
Staarjuuksur,1
6,1
lootusetuid,1
"fotod,",1
ehitada,1
kraami,1
P√§rnu,1
lisab,1
Instagramis,1
"erksana!

Politsei",1
kirja,1
Barber,1
Eestis,1
,1
