on,8
ja,8
täna,6
märts,6
suri,5
juulil,5
õhtul,5
leiti,5
Lätis,4
–,4
viieaastane,4
Kuuse,4
vahendab,4
1.,4
,4
et,3
siit:,3
juuli,3
aastal,3
Läti,3
kaks,3
Ivan,3
kui,3
Eesti,3
"(27.01.2005-14.05.2017),",2
hukkus,2
ütles,2
Mikk,2
22.,2
Pärast,2
matustel,2
Eliise,2
oled,2
tagasi.,2
"2017)

Foto",2
ema,2
inimene,2
hind,2
Krjukov,2
kadunuks,2
kellest,2
"
Pildistatud",2
1947,2
Rauno,2
oli,2
Vanja,2
1950,2
kes,2
(11.,2
aastat,2
solist,2
Volmar.,2
Komissarov,2
(66).,2
elu,2
spordireporter,2
Linkin,2
Chester,2
14.,2
2006.,2
Liepajas,2
Rus.TVNET.,2
kaotas,2
oma,2
toiduaine,2
jäänud,2
kirjutasime,2
september,2
jaanuar,2
kodust,2
"surnuna,",2
-,2
haigust,2
kiirabi,2
"2017)
Lembitu",2
aasta,2
kirjutab,2
said,2
palju,2
Mikiveri,2
pisike,2
"MEMORIAM

Lembit",2
Lembitu,2
legendaarne,2
12,2
"2017)
Kalju",2
kilomeetri,2
pikka,2
(8.,2
IN,2
jäi,2
1946,2
Ulfsak,2
(4.,2
Emadepäeva,2
6.,2
pulmafotograaf.,1
tõdeb,1
loobunud,1
helikopteriõnnetuses,1
pendlitüüpi,1
kopteris,1
.,1
Andrejs,1
tõttu,1
"vigastada,",1
viieaastase,1
kriitilises,1
kommentaari,1
41-aastasena,1
surma,1
Üks,1
sõidu,1
elu.,1
"seisundis,",1
Saarte,1
Ķuzis,1
Hiljem,1
tooteid,1
otsis,1
tema,1
tarbima?,1
Park,1
kogu,1
hommikul,1
paneb,1
Kas,1
"mitmekordistunud!

Loe",1
päevahoiud,1
otsustanud,1
kodus,1
"
Loe",1
inimestel,1
pöörata.,1
toiduhindade,1
"soovi,""",1
armastatud,1
saatuse,1
kas,1
poiss,1
"kommenteerides,",1
kirjutas,1
mitu,1
sai,1
aga,1
surnukeha,1
Nascimento,1
"
▶️Kirjuta",1
lõplik?,1
terasteelt,1
laadapäeval,1
meie,1
seast,1
varises,1
Karu.,1
lõõtsakuningas,1
kogukonna,1
Ohios,1
CNN.,1
Reportaaž,1
seitse,1
Rosmere,1
"""Hetkest,",1
suurel,1
neljapäeva,1
ei,1
üritas,1
mitmeid,1
kordi.,1
Kannatanud,1
sügava,1
mürgitamine,1
kokku,1
32-aastane,1
surnuna,1
kauguselt,1
erivajadusega,1
purunes,1
kõik,1
metsast,1
kasutamine,1
"kasvanud,",1
pakutakse,1
Šeps,1
inimese,1
Aleksander,1
külas,1
"Teisipäeva,",1
Nõiasaatest,1
üksinda.,1
Aivar,1
Surma,1
poisi,1
poolt,1
24,1
"ema,",1
poja,1
11.,1
"hooldekodu,",1
asuvast,1
vigastatut,1
surnuna.,1
kella,1
"metsast,",1
n-ö,1
25.,1
lahkus,1
viibinud,1
kümne,1
ajal,1
selle,1
endalt,1
teisipäeva,1
kuid,1
millest,1
BBC.,1
Kerro,1
TMZ,1
ainult,1
rokkbändi,1
Bennington,1
pärjatud,1
Kuid,1
laupäeval,1
"raamatukogutöötaja,",1
"Ader,",1
Kohutavalt,1
"inimesed,",1
võtnud,1
Tartumaal,1
last,1
kiirusel,1
"näha,",1
Tartus,1
lähemalt,1
senisest,1
Berladinit,1
Liiklusõnnetuses,1
tähelepanu,1
"erikoolid,",1
"ka,",1
teineteist,1
asi,1
Traagilises,1
paiku,1
hülgab,1
ehk,1
rohkem,1
lapsest,1
http://bit.ly/2uS5p00,1
leidmist,1
"http://bit.ly/2uS2ggv

▶️Kas",1
arvatud,1
viieaastast,1
lastele,1
tegevusele,1
vähem,1
üle,1
Veebiväljaande,1
peadirektor,1
"surnult,",1
lendasid,1
"Vanja,",1
lapse,1
tõusnud.,1
toimunud,1
aastaga,1
Pere,1
videos,1
kiikuvalt,1
orvuks.,1
ta.,1
põldude,1
"elustada,",1
saabumist.,1
tagajärjel,1
kolme,1
Tohutult,1
valus,1
kuuendat,1
USA-s,1
kokkupõrke,1
"Hüvasti,",1
aastatega,1
kriminoloog,1
Drobenes,1
tuleks,1
"selgus,",1
Kaovad,1
liitpuudega,1
portaal,1
do,1
Ints,1
USA,1
41-aastane,1
Muusikamaailma,1
nende,1
http://bit.ly/2gPEWOu,1
auto,1
"pressikonverentsil,",1
"Teppo,",1
kadunuks.,1
tundi,1
Hääl.,1
kuidas,1
Marilyn,1
politsei,1
kaduvalt,1
kaasa,1
tabas,1
saab,1
kaheksa-aastane,1
Pärnu–Lelle,1
tiitliga,1
meedia.,1
karussellilt.,1
ma,1
aeg,1
laadal,1
vigastada.,1
isa.,1
"poiss,",1
Mirror.,1
kaotus.,1
juba,1
kolm,1
Margus,1
ohvrit,1
riik,1
veel,1
2008.,1
kokku-lahku,1
teatas,1
loobunud?,1
käinud,1
Vilks,1
Puhka,1
sind,1
ning,1
seekord,1
kurb,1
kaugusel,1
rase,1
lõbustuspargi,1
keda,1
Eestis,1
kallinemise,1
4000,1
Silva,1
seda,1
Ohio,1
kadunud,1
kurb.,1
esiknõid,1
ostmisest,1
"täiskasvanu,",1
pool,1
üks,1
"atraktsioon,",1
tulemusteta.,1
raudteeromantika,1
andmetele,1
Berladin,1
leidnud,1
ostukorvi,1
osariigi,1
Parki,1
Bennington.,1
Kahe,1
Liili,1
mõne,1
enne,1
Kolm,1
"rahus,",1
"(pildil),",1
uudis.,1
Vedu,1
taimekaitsevahendite,1
58-aastane,1
raskes,1
loodus,1
kuud,1
"Brasiilias,",1
